total_length,num_lines,avg_line_length,num_words,avg_word_length,non_ascii_chars,short_lines,garbage_lines,alphabetic_letter_count,filename,version
3518,162,21.71604938271605,625,4.2576,88,92,84,2518,rsc37_rsc176_566.txt,binary_cut
3147,193,16.305699481865286,502,4.780876494023905,49,122,104,2323,rsc37_rsc176_525.txt,binary_cut
6841,242,28.268595041322314,1231,4.256701868399675,125,122,112,5000,rsc37_rsc176_1043.txt,binary_cut
3302,141,23.418439716312058,547,4.745886654478976,42,73,70,2521,rsc37_rsc176_399.txt,binary_cut
3065,275,11.145454545454545,748,2.4050802139037435,55,182,136,1581,rsc37_rsc176_638.txt,binary_cut
4140,181,22.87292817679558,726,4.304407713498622,64,101,93,2992,rsc37_rsc176_714.txt,binary_cut
4513,241,18.726141078838175,766,4.537859007832898,68,145,133,3337,rsc37_rsc176_595.txt,binary_cut
10192,559,18.232558139534884,1955,3.906393861892583,234,315,218,7172,rsc37_rsc176_484.txt,binary_cut
3345,120,27.875,552,4.684782608695652,80,58,56,2462,rsc37_rsc176_837.txt,binary_cut
2573,134,19.20149253731343,425,4.72,20,80,72,1955,rsc37_rsc176_551.txt,binary_cut
3097,145,21.358620689655172,553,4.227848101265823,80,72,56,2236,rsc37_rsc176_816.txt,binary_cut
4798,120,39.983333333333334,805,4.747826086956522,95,37,35,3707,rsc37_rsc176_291.txt,binary_cut
2913,79,36.87341772151899,485,4.857731958762886,60,31,28,2279,rsc37_rsc176_278.txt,binary_cut
2944,494,5.959514170040486,647,2.6738794435857804,46,386,286,1582,rsc37_rsc176_690.txt,binary_cut
3425,148,23.14189189189189,640,3.959375,58,78,78,2410,rsc37_rsc176_867.txt,binary_cut
4055,186,21.801075268817204,675,4.605925925925926,82,111,92,3000,rsc37_rsc176_601.txt,binary_cut
3020,91,33.18681318681319,521,4.4664107485604605,73,34,33,2215,rsc37_rsc176_390.txt,binary_cut
3594,118,30.45762711864407,602,4.719269102990033,57,59,54,2777,rsc37_rsc176_603.txt,binary_cut
3755,167,22.48502994011976,644,4.372670807453416,98,91,82,2658,rsc37_rsc176_840.txt,binary_cut
3473,87,39.91954022988506,590,4.647457627118644,65,31,30,2644,rsc37_rsc176_283.txt,binary_cut
3659,147,24.891156462585034,638,4.326018808777429,66,82,74,2644,rsc37_rsc176_711.txt,binary_cut
733,29,25.275862068965516,118,4.711864406779661,14,16,13,543,rsc37_rsc176_383.txt,binary_cut
4044,188,21.51063829787234,751,3.940079893475366,97,98,91,2792,rsc37_rsc176_809.txt,binary_cut
3625,157,23.089171974522294,649,4.191063174114022,92,80,77,2589,rsc37_rsc176_589.txt,binary_cut
3440,260,13.23076923076923,626,3.92332268370607,111,163,134,2266,rsc37_rsc176_664.txt,binary_cut
4402,127,34.661417322834644,738,4.7168021680216805,75,56,54,3399,rsc37_rsc176_367.txt,binary_cut
3557,164,21.6890243902439,648,4.08179012345679,83,93,88,2459,rsc37_rsc176_625.txt,binary_cut
3816,142,26.87323943661972,675,4.263703703703704,57,72,64,2775,rsc37_rsc176_628.txt,binary_cut
4574,170,26.905882352941177,782,4.450127877237851,110,86,86,3323,rsc37_rsc176_557.txt,binary_cut
5271,283,18.625441696113075,903,4.398671096345515,94,180,155,3795,rsc37_rsc176_717.txt,binary_cut
4791,328,14.606707317073171,831,4.356197352587245,108,194,179,3446,rsc37_rsc176_361.txt,binary_cut
3377,213,15.854460093896714,683,3.396778916544656,66,129,121,2144,rsc37_rsc176_583.txt,binary_cut
3227,152,21.230263157894736,516,4.813953488372093,57,87,77,2382,rsc37_rsc176_480.txt,binary_cut
10112,275,36.77090909090909,1815,4.308539944903581,201,112,99,7547,rsc37_rsc176_873.txt,binary_cut
4218,166,25.40963855421687,703,4.584637268847795,67,90,84,3113,rsc37_rsc176_477.txt,binary_cut
1396,103,13.553398058252426,252,4.007936507936508,23,82,79,958,rsc37_rsc176_516.txt,binary_cut
3842,209,18.382775119617225,730,3.826027397260274,72,124,103,2614,rsc37_rsc176_686.txt,binary_cut
4388,196,22.387755102040817,774,4.248062015503876,104,111,105,3121,rsc37_rsc176_598.txt,binary_cut
4603,97,47.45360824742268,757,4.873183619550859,124,24,23,3542,rsc37_rsc176_560.txt,binary_cut
4233,150,28.22,720,4.604166666666667,28,71,71,3231,rsc37_rsc176_648.txt,binary_cut
1615,236,6.843220338983051,324,3.2222222222222223,29,179,126,958,rsc37_rsc176_708.txt,binary_cut
3382,144,23.48611111111111,573,4.605584642233857,23,77,74,2597,rsc37_rsc176_501.txt,binary_cut
4852,601,8.073211314475873,936,3.514957264957265,119,458,341,3061,rsc37_rsc176_364.txt,binary_cut
2941,168,17.50595238095238,527,4.115749525616699,65,102,94,2052,rsc37_rsc176_336.txt,binary_cut
3419,226,15.128318584070797,619,3.974151857835218,62,141,127,2314,rsc37_rsc176_702.txt,binary_cut
3786,218,17.36697247706422,659,4.323216995447648,83,145,111,2708,rsc37_rsc176_830.txt,binary_cut
3429,188,18.23936170212766,677,3.5657311669128506,78,111,94,2255,rsc37_rsc176_734.txt,binary_cut
3336,250,13.344,591,4.192893401015229,75,172,128,2327,rsc37_rsc176_635.txt,binary_cut
3182,253,12.577075098814229,586,3.8600682593856654,57,167,152,2066,rsc37_rsc176_490.txt,binary_cut
3518,210,16.752380952380953,680,3.648529411764706,59,132,124,2341,rsc37_rsc176_725.txt,binary_cut
3263,160,20.39375,584,4.179794520547945,52,98,95,2326,rsc37_rsc176_728.txt,binary_cut
4245,184,23.070652173913043,708,4.610169491525424,92,101,99,3120,rsc37_rsc176_606.txt,binary_cut
3479,200,17.395,624,4.184294871794871,62,128,113,2497,rsc37_rsc176_693.txt,binary_cut
2896,127,22.80314960629921,472,4.697033898305085,65,73,69,2123,rsc37_rsc176_843.txt,binary_cut
3372,166,20.313253012048193,609,4.114942528735632,75,98,92,2392,rsc37_rsc176_722.txt,binary_cut
4856,111,43.747747747747745,824,4.718446601941747,36,31,31,3823,rsc37_rsc176_293.txt,binary_cut
4316,219,19.707762557077626,782,4.072890025575448,83,140,128,3002,rsc37_rsc176_631.txt,binary_cut
3157,160,19.73125,556,4.282374100719425,72,68,59,2268,rsc37_rsc176_871.txt,binary_cut
3642,204,17.852941176470587,631,4.3486529318541995,92,130,100,2575,rsc37_rsc176_806.txt,binary_cut
3791,151,25.105960264900663,660,4.35,90,82,76,2755,rsc37_rsc176_876.txt,binary_cut
3241,120,27.008333333333333,537,4.728119180633147,43,60,56,2502,rsc37_rsc176_548.txt,binary_cut
3265,159,20.534591194968552,593,4.124789207419899,55,92,83,2325,rsc37_rsc176_699.txt,binary_cut
5536,317,17.463722397476342,1023,4.023460410557185,92,176,156,3886,rsc37_rsc176_402.txt,binary_cut
2314,127,18.22047244094488,381,4.703412073490814,32,72,68,1742,rsc37_rsc176_827.txt,binary_cut
3305,257,12.859922178988327,599,4.001669449081803,65,170,153,2255,rsc37_rsc176_835.txt,binary_cut
3520,106,33.20754716981132,620,4.330645161290323,91,45,35,2529,rsc37_rsc176_566.txt,binary
3164,124,25.516129032258064,517,4.607350096711799,45,67,62,2316,rsc37_rsc176_525.txt,binary
7251,345,21.017391304347825,1321,4.117335352006056,129,186,153,5172,rsc37_rsc176_1043.txt,binary
3190,116,27.5,530,4.726415094339623,41,56,50,2438,rsc37_rsc176_399.txt,binary
4022,162,24.82716049382716,951,2.5173501577287065,84,57,70,2055,rsc37_rsc176_638.txt,binary
3914,151,25.920529801324502,703,4.159317211948791,66,86,76,2804,rsc37_rsc176_714.txt,binary
5309,223,23.807174887892376,890,4.478651685393259,84,130,124,3811,rsc37_rsc176_595.txt,binary
10534,949,11.100105374077977,2207,3.3633892161304937,221,666,316,6919,rsc37_rsc176_484.txt,binary
3673,108,34.00925925925926,626,4.517571884984026,86,43,41,2703,rsc37_rsc176_837.txt,binary
3238,131,24.717557251908396,536,4.6940298507462686,23,70,62,2459,rsc37_rsc176_551.txt,binary
3075,154,19.967532467532468,547,4.188299817184643,76,90,55,2170,rsc37_rsc176_816.txt,binary
4700,115,40.869565217391305,787,4.754764930114359,90,34,28,3634,rsc37_rsc176_291.txt,binary
2969,87,34.12643678160919,495,4.814141414141414,64,38,26,2306,rsc37_rsc176_278.txt,binary
4666,296,15.763513513513514,1065,2.6450704225352113,87,170,129,2603,rsc37_rsc176_690.txt,binary
4086,169,24.17751479289941,811,3.5178791615289766,77,95,87,2674,rsc37_rsc176_867.txt,binary
6000,262,22.900763358778626,1181,3.2091447925486873,156,62,93,3578,rsc37_rsc176_601.txt,binary
2882,81,35.58024691358025,504,4.438492063492063,61,32,27,2129,rsc37_rsc176_390.txt,binary
4213,150,28.086666666666666,736,4.391304347826087,66,73,51,3163,rsc37_rsc176_603.txt,binary
4093,193,21.207253886010363,713,4.228611500701263,111,114,93,2847,rsc37_rsc176_840.txt,binary
3621,132,27.431818181818183,587,4.679727427597956,73,78,74,2660,rsc37_rsc176_283.txt,binary
3718,185,20.0972972972973,655,4.23969465648855,72,102,89,2649,rsc37_rsc176_711.txt,binary
3003,94,31.9468085106383,492,4.7439024390243905,62,40,34,2263,rsc37_rsc176_383.txt,binary
4106,177,23.19774011299435,728,4.024725274725275,107,108,96,2734,rsc37_rsc176_809.txt,binary
3898,171,22.795321637426902,702,4.119658119658119,93,87,83,2749,rsc37_rsc176_589.txt,binary
3853,318,12.116352201257861,701,3.8930099857346647,124,193,149,2513,rsc37_rsc176_664.txt,binary
4475,132,33.90151515151515,743,4.693135935397039,78,59,47,3398,rsc37_rsc176_367.txt,binary
3943,166,23.753012048192772,735,3.8122448979591836,80,91,79,2601,rsc37_rsc176_625.txt,binary
4042,140,28.87142857142857,679,4.41678939617084,63,80,74,2891,rsc37_rsc176_628.txt,binary
4041,134,30.15671641791045,701,4.379457917261056,98,65,60,2915,rsc37_rsc176_557.txt,binary
5719,188,30.420212765957448,996,4.228915662650603,104,86,87,4021,rsc37_rsc176_717.txt,binary
4515,210,21.5,775,4.372903225806452,106,137,101,3234,rsc37_rsc176_361.txt,binary
3580,145,24.689655172413794,718,3.4846796657381613,70,65,65,2305,rsc37_rsc176_583.txt,binary
3335,126,26.46825396825397,550,4.6,72,60,58,2427,rsc37_rsc176_480.txt,binary
10480,325,32.246153846153845,1896,4.208860759493671,224,143,125,7716,rsc37_rsc176_873.txt,binary
4385,120,36.541666666666664,772,4.251295336787565,72,49,46,3164,rsc37_rsc176_477.txt,binary
3430,129,26.589147286821706,653,3.6401225114854516,81,69,66,2245,rsc37_rsc176_516.txt,binary
3871,160,24.19375,722,3.8684210526315788,66,85,70,2609,rsc37_rsc176_686.txt,binary
3642,183,19.901639344262296,650,4.12,83,117,100,2532,rsc37_rsc176_598.txt,binary
3161,71,44.521126760563384,524,4.7538167938931295,86,20,17,2394,rsc37_rsc176_560.txt,binary
4449,128,34.7578125,759,4.424242424242424,31,52,54,3279,rsc37_rsc176_648.txt,binary
2602,168,15.488095238095237,530,3.3773584905660377,52,89,72,1630,rsc37_rsc176_708.txt,binary
3286,115,28.57391304347826,562,4.555160142348755,18,56,47,2505,rsc37_rsc176_501.txt,binary
8165,337,24.228486646884274,1571,3.5849777211966902,194,172,153,5225,rsc37_rsc176_364.txt,binary
3197,116,27.560344827586206,587,4.042589437819421,74,56,53,2235,rsc37_rsc176_336.txt,binary
3933,161,24.428571428571427,730,3.856164383561644,76,76,73,2649,rsc37_rsc176_702.txt,binary
3979,144,27.631944444444443,704,4.215909090909091,87,71,67,2829,rsc37_rsc176_830.txt,binary
3490,147,23.741496598639454,651,3.9907834101382487,89,84,73,2465,rsc37_rsc176_734.txt,binary
3334,116,28.74137931034483,580,4.355172413793103,69,54,51,2391,rsc37_rsc176_635.txt,binary
3393,147,23.081632653061224,629,3.944356120826709,68,78,61,2285,rsc37_rsc176_490.txt,binary
3700,159,23.270440251572328,757,3.430647291941876,74,88,81,2434,rsc37_rsc176_725.txt,binary
3912,139,28.14388489208633,719,4.019471488178025,65,70,67,2771,rsc37_rsc176_728.txt,binary
4468,142,31.464788732394368,760,4.527631578947369,104,62,53,3279,rsc37_rsc176_606.txt,binary
4355,139,31.33093525179856,773,4.121604139715394,88,62,65,3048,rsc37_rsc176_693.txt,binary
3557,125,28.456,580,4.701724137931034,69,64,59,2617,rsc37_rsc176_843.txt,binary
3648,160,22.8,669,3.9237668161434978,94,90,82,2490,rsc37_rsc176_722.txt,binary
4934,120,41.11666666666667,835,4.667065868263473,44,39,38,3824,rsc37_rsc176_293.txt,binary
5032,277,18.166064981949457,950,3.813684210526316,97,176,139,3419,rsc37_rsc176_631.txt,binary
3524,96,36.708333333333336,603,4.416252072968491,82,40,37,2528,rsc37_rsc176_871.txt,binary
3750,111,33.78378378378378,630,4.56031746031746,93,48,41,2718,rsc37_rsc176_806.txt,binary
4275,187,22.86096256684492,768,4.14453125,103,101,86,3048,rsc37_rsc176_876.txt,binary
3414,149,22.91275167785235,585,4.425641025641026,58,77,57,2543,rsc37_rsc176_548.txt,binary
3560,144,24.72222222222222,651,4.04915514592934,59,80,75,2526,rsc37_rsc176_699.txt,binary
3886,147,26.435374149659864,704,4.208806818181818,68,74,64,2792,rsc37_rsc176_402.txt,binary
2820,129,21.86046511627907,461,4.752711496746204,35,69,60,2140,rsc37_rsc176_827.txt,binary
3219,120,26.825,568,4.255281690140845,75,64,57,2276,rsc37_rsc176_835.txt,binary
3201,81,39.51851851851852,539,4.679035250463822,89,27,27,2400,rsc37_rsc176_566.txt,normal
3050,138,22.10144927536232,496,4.786290322580645,40,73,62,2306,rsc37_rsc176_525.txt,normal
2111,173,12.202312138728324,375,3.8693333333333335,35,116,105,1357,rsc37_rsc176_1043.txt,normal
3032,102,29.725490196078432,496,4.860887096774194,36,49,47,2356,rsc37_rsc176_399.txt,normal
234,43,5.441860465116279,59,2.169491525423729,4,34,27,122,rsc37_rsc176_638.txt,normal
3693,103,35.85436893203884,641,4.461778471138846,56,47,44,2737,rsc37_rsc176_714.txt,normal
4810,282,17.05673758865248,817,4.500611995104039,68,172,140,3533,rsc37_rsc176_595.txt,normal
2982,308,9.681818181818182,750,2.0653333333333332,61,205,190,1377,rsc37_rsc176_484.txt,normal
3512,120,29.266666666666666,570,4.850877192982456,82,59,59,2651,rsc37_rsc176_837.txt,normal
3059,115,26.6,495,4.903030303030303,16,60,56,2384,rsc37_rsc176_551.txt,normal
2959,183,16.169398907103826,550,3.9672727272727273,60,124,71,2074,rsc37_rsc176_816.txt,normal
4637,108,42.93518518518518,781,4.781049935979514,83,27,27,3625,rsc37_rsc176_291.txt,normal
2850,61,46.721311475409834,469,4.963752665245202,53,15,15,2260,rsc37_rsc176_278.txt,normal
106,38,2.789473684210526,18,2.2777777777777777,2,32,28,39,rsc37_rsc176_690.txt,normal
3355,112,29.955357142857142,604,4.279801324503311,51,54,52,2466,rsc37_rsc176_867.txt,normal
3826,114,33.56140350877193,647,4.666151468315301,80,42,41,2918,rsc37_rsc176_601.txt,normal
2902,106,27.37735849056604,512,4.40234375,49,52,43,2162,rsc37_rsc176_390.txt,normal
3926,93,42.215053763440864,660,4.740909090909091,55,27,27,3067,rsc37_rsc176_603.txt,normal
3502,163,21.484662576687118,595,4.534453781512605,90,89,69,2566,rsc37_rsc176_840.txt,normal
3404,83,41.01204819277108,568,4.776408450704225,63,31,25,2638,rsc37_rsc176_283.txt,normal
3563,118,30.194915254237287,627,4.382775119617225,59,58,51,2654,rsc37_rsc176_711.txt,normal
2906,77,37.74025974025974,468,4.9081196581196584,48,30,27,2232,rsc37_rsc176_383.txt,normal
3606,112,32.19642857142857,608,4.621710526315789,88,50,43,2646,rsc37_rsc176_809.txt,normal
3603,118,30.533898305084747,615,4.546341463414634,89,49,45,2682,rsc37_rsc176_589.txt,normal
3201,108,29.63888888888889,554,4.404332129963899,81,46,44,2299,rsc37_rsc176_664.txt,normal
3855,98,39.33673469387755,637,4.861852433281005,55,37,34,3031,rsc37_rsc176_367.txt,normal
3375,118,28.60169491525424,590,4.440677966101695,74,56,57,2474,rsc37_rsc176_625.txt,normal
3829,123,31.130081300813007,649,4.604006163328197,63,63,57,2889,rsc37_rsc176_628.txt,normal
3804,113,33.663716814159294,633,4.731437598736177,74,50,46,2873,rsc37_rsc176_557.txt,normal
5588,409,13.662591687041564,1092,3.52014652014652,103,241,193,3584,rsc37_rsc176_717.txt,normal
3721,151,24.642384105960264,635,4.603149606299213,57,80,62,2830,rsc37_rsc176_361.txt,normal
3081,240,12.8375,622,3.4807073954983925,47,152,127,2009,rsc37_rsc176_583.txt,normal
3207,119,26.949579831932773,504,4.982142857142857,58,58,56,2431,rsc37_rsc176_480.txt,normal
9883,242,40.83884297520661,1742,4.452353616532721,183,91,85,7524,rsc37_rsc176_873.txt,normal
4026,124,32.46774193548387,667,4.755622188905547,59,60,56,3054,rsc37_rsc176_477.txt,normal
3114,139,22.402877697841728,569,4.059753954305799,75,78,64,2200,rsc37_rsc176_516.txt,normal
2449,89,27.51685393258427,430,4.397674418604651,45,38,39,1774,rsc37_rsc176_686.txt,normal
3347,250,13.388,600,4.193333333333333,67,135,117,2378,rsc37_rsc176_598.txt,normal
3138,78,40.23076923076923,527,4.738140417457306,82,25,21,2396,rsc37_rsc176_560.txt,normal
4054,121,33.50413223140496,668,4.866766467065868,20,54,54,3176,rsc37_rsc176_648.txt,normal
99,30,3.3,18,2.7777777777777777,1,23,20,48,rsc37_rsc176_708.txt,normal
3197,89,35.92134831460674,517,4.990328820116054,9,31,28,2540,rsc37_rsc176_501.txt,normal
871,264,3.2992424242424243,129,3.193798449612403,13,228,206,374,rsc37_rsc176_364.txt,normal
3121,214,14.58411214953271,551,4.246823956442832,55,161,97,2227,rsc37_rsc176_336.txt,normal
2089,361,5.786703601108033,427,3.2060889929742387,32,234,168,1268,rsc37_rsc176_702.txt,normal
3625,96,37.760416666666664,596,4.833892617449664,80,34,34,2741,rsc37_rsc176_830.txt,normal
3247,120,27.058333333333334,595,4.231932773109244,68,62,57,2379,rsc37_rsc176_734.txt,normal
3053,93,32.82795698924731,521,4.585412667946257,56,40,40,2284,rsc37_rsc176_635.txt,normal
1657,182,9.104395604395604,301,4.033222591362127,28,116,89,1118,rsc37_rsc176_490.txt,normal
2945,124,23.75,553,4.039783001808318,56,72,64,2125,rsc37_rsc176_725.txt,normal
3436,116,29.620689655172413,606,4.391089108910891,56,57,54,2568,rsc37_rsc176_728.txt,normal
4421,133,33.2406015037594,731,4.679890560875513,112,62,58,3244,rsc37_rsc176_606.txt,normal
4069,167,24.365269461077844,735,4.182312925170068,67,92,81,2951,rsc37_rsc176_693.txt,normal
3403,107,31.80373831775701,554,4.830324909747293,61,50,50,2577,rsc37_rsc176_843.txt,normal
3252,105,30.97142857142857,590,4.237288135593221,61,50,48,2407,rsc37_rsc176_722.txt,normal
4968,123,40.390243902439025,862,4.540603248259861,59,42,41,3827,rsc37_rsc176_293.txt,normal
4277,147,29.095238095238095,740,4.535135135135135,64,69,60,3229,rsc37_rsc176_631.txt,normal
3716,143,25.986013986013987,627,4.36682615629984,76,82,76,2635,rsc37_rsc176_871.txt,normal
3588,112,32.035714285714285,579,4.860103626943006,89,52,52,2677,rsc37_rsc176_806.txt,normal
709,97,7.309278350515464,143,3.2937062937062938,7,65,55,437,rsc37_rsc176_876.txt,normal
3230,97,33.29896907216495,539,4.719851576994434,39,36,34,2501,rsc37_rsc176_548.txt,normal
3244,116,27.96551724137931,561,4.5115864527629235,49,63,55,2443,rsc37_rsc176_699.txt,normal
3350,299,11.20401337792642,710,3.054929577464789,46,219,157,1923,rsc37_rsc176_402.txt,normal
2715,101,26.88118811881188,449,4.797327394209354,27,49,45,2108,rsc37_rsc176_827.txt,normal
1514,87,17.402298850574713,288,3.8472222222222223,36,52,49,1034,rsc37_rsc176_835.txt,normal
3407,139,24.510791366906474,571,4.633975481611208,82,76,73,2516,rsc37_rsc176_566.txt,normal_cut
2955,123,24.024390243902438,493,4.675456389452332,32,61,58,2248,rsc37_rsc176_525.txt,normal_cut
1856,79,23.49367088607595,337,4.166172106824926,39,44,43,1329,rsc37_rsc176_1043.txt,normal_cut
1945,79,24.620253164556964,307,5.003257328990228,23,46,45,1501,rsc37_rsc176_399.txt,normal_cut
1285,199,6.457286432160804,231,2.987012987012987,15,162,155,639,rsc37_rsc176_638.txt,normal_cut
3450,105,32.857142857142854,616,4.246753246753247,54,45,43,2505,rsc37_rsc176_714.txt,normal_cut
5104,214,23.850467289719628,858,4.630536130536131,62,118,114,3834,rsc37_rsc176_595.txt,normal_cut
10143,282,35.96808510638298,1743,4.588066551921973,165,116,113,7727,rsc37_rsc176_484.txt,normal_cut
3217,112,28.723214285714285,522,4.863984674329502,78,52,51,2425,rsc37_rsc176_837.txt,normal_cut
3122,150,20.813333333333333,516,4.7189922480620154,27,86,81,2376,rsc37_rsc176_551.txt,normal_cut
3978,135,29.466666666666665,646,4.690402476780186,84,60,59,2918,rsc37_rsc176_816.txt,normal_cut
4616,102,45.254901960784316,782,4.760869565217392,83,21,21,3617,rsc37_rsc176_291.txt,normal_cut
2974,88,33.79545454545455,499,4.783567134268537,56,35,36,2315,rsc37_rsc176_278.txt,normal_cut
1218,166,7.337349397590361,215,3.3767441860465115,19,129,126,693,rsc37_rsc176_690.txt,normal_cut
2204,73,30.19178082191781,397,4.133501259445844,38,41,39,1570,rsc37_rsc176_867.txt,normal_cut
3853,96,40.135416666666664,651,4.692780337941628,86,29,29,2952,rsc37_rsc176_601.txt,normal_cut
2830,97,29.175257731958762,474,4.670886075949367,53,38,37,2122,rsc37_rsc176_390.txt,normal_cut
3854,146,26.397260273972602,644,4.616459627329193,60,84,82,2911,rsc37_rsc176_603.txt,normal_cut
3759,140,26.85,646,4.431888544891641,89,67,62,2726,rsc37_rsc176_840.txt,normal_cut
3324,74,44.91891891891892,551,4.7749546279491835,63,25,25,2553,rsc37_rsc176_283.txt,normal_cut
3618,118,30.661016949152543,647,4.2642967542503865,55,53,51,2639,rsc37_rsc176_711.txt,normal_cut
2883,142,20.302816901408452,453,4.686534216335541,59,96,93,2062,rsc37_rsc176_383.txt,normal_cut
3635,142,25.598591549295776,649,4.228043143297381,90,70,65,2586,rsc37_rsc176_809.txt,normal_cut
3571,129,27.68217054263566,628,4.382165605095541,88,57,55,2635,rsc37_rsc176_589.txt,normal_cut
3506,143,24.517482517482517,620,4.248387096774193,89,72,67,2491,rsc37_rsc176_664.txt,normal_cut
3188,96,33.208333333333336,554,4.458483754512636,57,41,40,2405,rsc37_rsc176_367.txt,normal_cut
3482,208,16.740384615384617,648,3.816358024691358,60,130,118,2330,rsc37_rsc176_625.txt,normal_cut
2930,89,32.92134831460674,514,4.28988326848249,51,45,44,2118,rsc37_rsc176_628.txt,normal_cut
3769,139,27.115107913669064,650,4.5,81,70,66,2799,rsc37_rsc176_557.txt,normal_cut
5253,240,21.8875,911,4.362239297475302,79,143,141,3816,rsc37_rsc176_717.txt,normal_cut
4028,196,20.551020408163264,704,4.356534090909091,73,108,104,2981,rsc37_rsc176_361.txt,normal_cut
2066,119,17.361344537815125,400,3.605,38,83,79,1359,rsc37_rsc176_583.txt,normal_cut
3062,110,27.836363636363636,503,4.783300198807157,54,48,47,2328,rsc37_rsc176_480.txt,normal_cut
9933,250,39.732,1760,4.415909090909091,192,100,99,7554,rsc37_rsc176_873.txt,normal_cut
4542,167,27.197604790419163,852,3.926056338028169,76,82,81,3212,rsc37_rsc176_477.txt,normal_cut
1243,56,22.196428571428573,217,4.096774193548387,26,38,36,843,rsc37_rsc176_516.txt,normal_cut
1797,156,11.51923076923077,336,3.630952380952381,22,113,106,1173,rsc37_rsc176_686.txt,normal_cut
3148,155,20.309677419354838,557,4.089766606822262,75,97,95,2138,rsc37_rsc176_598.txt,normal_cut
4406,101,43.62376237623762,735,4.756462585034013,114,31,30,3360,rsc37_rsc176_560.txt,normal_cut
6207,177,35.067796610169495,1044,4.760536398467433,36,66,65,4849,rsc37_rsc176_648.txt,normal_cut
984,153,6.431372549019608,183,3.2950819672131146,6,118,111,571,rsc37_rsc176_708.txt,normal_cut
3226,136,23.720588235294116,536,4.740671641791045,12,70,67,2504,rsc37_rsc176_501.txt,normal_cut
2654,181,14.662983425414364,459,4.052287581699346,49,132,126,1746,rsc37_rsc176_364.txt,normal_cut
1876,63,29.77777777777778,330,4.36969696969697,36,33,32,1385,rsc37_rsc176_336.txt,normal_cut
1261,102,12.362745098039216,222,3.981981981981982,23,69,67,841,rsc37_rsc176_702.txt,normal_cut
3148,78,40.35897435897436,525,4.786666666666667,70,27,27,2406,rsc37_rsc176_830.txt,normal_cut
4189,154,27.2012987012987,824,3.6929611650485437,94,86,82,2855,rsc37_rsc176_734.txt,normal_cut
2525,100,25.25,454,4.1607929515418505,48,53,50,1815,rsc37_rsc176_635.txt,normal_cut
2454,96,25.5625,438,4.198630136986301,46,58,52,1756,rsc37_rsc176_490.txt,normal_cut
3211,135,23.785185185185185,633,3.655608214849921,62,75,69,2159,rsc37_rsc176_725.txt,normal_cut
4710,168,28.035714285714285,895,3.8424581005586593,73,84,81,3312,rsc37_rsc176_728.txt,normal_cut
4081,171,23.86549707602339,698,4.409742120343839,88,93,89,2940,rsc37_rsc176_606.txt,normal_cut
3302,184,17.945652173913043,629,3.72972972972973,46,124,119,2235,rsc37_rsc176_693.txt,normal_cut
3776,135,27.97037037037037,634,4.648264984227129,70,62,55,2830,rsc37_rsc176_843.txt,normal_cut
2987,147,20.31972789115646,577,3.783362218370884,55,85,80,2071,rsc37_rsc176_722.txt,normal_cut
4866,108,45.05555555555556,844,4.62085308056872,39,28,28,3828,rsc37_rsc176_293.txt,normal_cut
3742,210,17.81904761904762,708,3.7231638418079096,63,135,124,2488,rsc37_rsc176_631.txt,normal_cut
3758,153,24.562091503267975,632,4.420886075949367,75,88,78,2690,rsc37_rsc176_871.txt,normal_cut
3560,120,29.666666666666668,614,4.485342019543974,81,57,56,2638,rsc37_rsc176_806.txt,normal_cut
3094,128,24.171875,542,4.326568265682657,62,78,76,2253,rsc37_rsc176_876.txt,normal_cut
3176,89,35.68539325842696,546,4.54029304029304,45,31,31,2438,rsc37_rsc176_548.txt,normal_cut
3118,127,24.551181102362204,587,3.9250425894378194,50,68,61,2200,rsc37_rsc176_699.txt,normal_cut
3797,178,21.331460674157302,664,4.257530120481928,61,107,99,2733,rsc37_rsc176_402.txt,normal_cut
2883,106,27.19811320754717,481,4.696465696465697,32,49,48,2213,rsc37_rsc176_827.txt,normal_cut
2968,133,22.31578947368421,542,3.988929889298893,56,76,74,2044,rsc37_rsc176_835.txt,normal_cut
3287,83,39.602409638554214,555,4.754954954954955,48,25,23,2542,rsc37_rsc176_566.txt,binary_hisam_inverted
2893,92,31.445652173913043,469,4.997867803837953,16,33,31,2306,rsc37_rsc176_525.txt,binary_hisam_inverted
7433,179,41.52513966480447,1326,4.464555052790347,140,50,36,5545,rsc37_rsc176_1043.txt,binary_hisam_inverted
3097,80,38.7125,511,4.929549902152642,18,24,24,2475,rsc37_rsc176_399.txt,binary_hisam_inverted
2893,79,36.620253164556964,537,4.195530726256983,31,30,27,2052,rsc37_rsc176_638.txt,binary_hisam_inverted
3615,82,44.08536585365854,637,4.54160125588697,38,27,25,2804,rsc37_rsc176_714.txt,binary_hisam_inverted
4882,120,40.68333333333333,800,4.955,35,34,33,3877,rsc37_rsc176_595.txt,binary_hisam_inverted
9763,192,50.848958333333336,1610,4.916770186335404,109,41,38,7725,rsc37_rsc176_484.txt,binary_hisam_inverted
3516,95,37.01052631578948,591,4.7478849407783414,50,30,29,2723,rsc37_rsc176_837.txt,binary_hisam_inverted
3116,94,33.148936170212764,506,4.980237154150197,15,38,36,2482,rsc37_rsc176_551.txt,binary_hisam_inverted
2969,79,37.58227848101266,498,4.698795180722891,54,27,24,2272,rsc37_rsc176_816.txt,binary_hisam_inverted
4660,104,44.80769230769231,803,4.662515566625156,50,18,17,3671,rsc37_rsc176_291.txt,binary_hisam_inverted
2898,69,42.0,488,4.840163934426229,33,18,15,2305,rsc37_rsc176_278.txt,binary_hisam_inverted
3295,84,39.226190476190474,596,4.325503355704698,53,25,23,2356,rsc37_rsc176_690.txt,binary_hisam_inverted
3176,87,36.50574712643678,566,4.4628975265017665,46,31,29,2429,rsc37_rsc176_867.txt,binary_hisam_inverted
4878,233,20.935622317596568,899,4.205784204671858,80,82,64,3642,rsc37_rsc176_601.txt,binary_hisam_inverted
2860,77,37.142857142857146,534,4.129213483146067,28,26,22,2115,rsc37_rsc176_390.txt,binary_hisam_inverted
3927,84,46.75,671,4.730253353204173,48,16,13,3121,rsc37_rsc176_603.txt,binary_hisam_inverted
3612,84,43.0,610,4.760655737704918,55,21,18,2802,rsc37_rsc176_840.txt,binary_hisam_inverted
3229,73,44.23287671232877,786,2.812977099236641,33,19,19,2072,rsc37_rsc176_283.txt,binary_hisam_inverted
3331,73,45.63013698630137,572,4.676573426573427,45,15,13,2576,rsc37_rsc176_711.txt,binary_hisam_inverted
2874,58,49.55172413793103,471,4.895966029723992,33,10,10,2260,rsc37_rsc176_383.txt,binary_hisam_inverted
3165,80,39.5625,537,4.750465549348231,43,22,20,2451,rsc37_rsc176_809.txt,binary_hisam_inverted
3451,91,37.92307692307692,580,4.755172413793104,49,29,28,2677,rsc37_rsc176_589.txt,binary_hisam_inverted
2889,63,45.857142857142854,480,4.835416666666666,43,17,15,2236,rsc37_rsc176_664.txt,binary_hisam_inverted
4249,89,47.741573033707866,710,4.873239436619718,32,19,19,3410,rsc37_rsc176_367.txt,binary_hisam_inverted
3168,80,39.6,554,4.577617328519856,23,18,15,2460,rsc37_rsc176_625.txt,binary_hisam_inverted
3713,93,39.924731182795696,636,4.690251572327044,43,34,31,2891,rsc37_rsc176_628.txt,binary_hisam_inverted
3810,90,42.333333333333336,644,4.77639751552795,51,22,20,2982,rsc37_rsc176_557.txt,binary_hisam_inverted
5114,137,37.32846715328467,862,4.738979118329467,62,49,46,3935,rsc37_rsc176_717.txt,binary_hisam_inverted
4101,97,42.27835051546392,677,4.915805022156573,44,30,26,3258,rsc37_rsc176_361.txt,binary_hisam_inverted
2800,65,43.07692307692308,543,3.994475138121547,38,15,15,2070,rsc37_rsc176_583.txt,binary_hisam_inverted
3152,77,40.935064935064936,514,4.994163424124514,19,18,17,2528,rsc37_rsc176_480.txt,binary_hisam_inverted
9619,207,46.468599033816425,1680,4.536309523809524,126,54,50,7426,rsc37_rsc176_873.txt,binary_hisam_inverted
3928,94,41.787234042553195,661,4.81089258698941,50,28,27,3088,rsc37_rsc176_477.txt,binary_hisam_inverted
2722,70,38.885714285714286,499,4.352705410821644,43,20,18,2087,rsc37_rsc176_516.txt,binary_hisam_inverted
3440,86,40.0,596,4.625838926174497,34,25,23,2648,rsc37_rsc176_686.txt,binary_hisam_inverted
3299,82,40.23170731707317,570,4.580701754385965,32,22,22,2554,rsc37_rsc176_598.txt,binary_hisam_inverted
3105,67,46.343283582089555,524,4.786259541984733,58,14,14,2435,rsc37_rsc176_560.txt,binary_hisam_inverted
4014,118,34.016949152542374,660,4.9378787878787875,10,41,39,3204,rsc37_rsc176_648.txt,binary_hisam_inverted
3245,80,40.5625,609,4.160919540229885,33,25,21,2357,rsc37_rsc176_708.txt,binary_hisam_inverted
3204,79,40.55696202531646,527,4.946869070208729,14,19,17,2568,rsc37_rsc176_501.txt,binary_hisam_inverted
6454,152,42.46052631578947,1141,4.521472392638037,58,44,41,5013,rsc37_rsc176_364.txt,binary_hisam_inverted
2480,57,43.50877192982456,417,4.808153477218226,21,16,15,1957,rsc37_rsc176_336.txt,binary_hisam_inverted
3337,82,40.69512195121951,577,4.620450606585789,41,25,22,2574,rsc37_rsc176_702.txt,binary_hisam_inverted
3213,79,40.67088607594937,527,4.933586337760911,41,22,20,2516,rsc37_rsc176_830.txt,binary_hisam_inverted
3210,82,39.146341463414636,582,4.374570446735395,64,19,18,2422,rsc37_rsc176_734.txt,binary_hisam_inverted
2856,64,44.625,497,4.601609657947686,51,10,9,2192,rsc37_rsc176_635.txt,binary_hisam_inverted
2606,73,35.6986301369863,439,4.781321184510251,32,20,16,2032,rsc37_rsc176_490.txt,binary_hisam_inverted
2947,71,41.50704225352113,540,4.298148148148148,44,20,16,2237,rsc37_rsc176_725.txt,binary_hisam_inverted
3432,88,39.0,600,4.571666666666666,37,26,22,2661,rsc37_rsc176_728.txt,binary_hisam_inverted
4232,97,43.628865979381445,711,4.767932489451477,81,26,24,3246,rsc37_rsc176_606.txt,binary_hisam_inverted
3904,91,42.9010989010989,685,4.554744525547445,43,23,21,3029,rsc37_rsc176_693.txt,binary_hisam_inverted
3311,79,41.91139240506329,547,4.93418647166362,44,21,21,2623,rsc37_rsc176_843.txt,binary_hisam_inverted
3256,88,37.0,585,4.4051282051282055,49,25,22,2495,rsc37_rsc176_722.txt,binary_hisam_inverted
4880,105,46.476190476190474,840,4.694047619047619,21,21,20,3901,rsc37_rsc176_293.txt,binary_hisam_inverted
4351,107,40.66355140186916,761,4.565045992115637,33,29,26,3371,rsc37_rsc176_631.txt,binary_hisam_inverted
3330,105,31.714285714285715,566,4.625441696113074,70,31,30,2526,rsc37_rsc176_871.txt,binary_hisam_inverted
3557,81,43.91358024691358,589,4.845500848896434,57,18,18,2746,rsc37_rsc176_806.txt,binary_hisam_inverted
3738,79,47.31645569620253,632,4.824367088607595,20,14,13,2999,rsc37_rsc176_876.txt,binary_hisam_inverted
3185,76,41.9078947368421,541,4.741219963031424,24,12,13,2537,rsc37_rsc176_548.txt,binary_hisam_inverted
3217,73,44.06849315068493,546,4.754578754578755,34,20,19,2525,rsc37_rsc176_699.txt,binary_hisam_inverted
3963,101,39.23762376237624,680,4.6911764705882355,29,34,33,3113,rsc37_rsc176_402.txt,binary_hisam_inverted
2768,108,25.62962962962963,447,5.004474272930649,20,47,47,2196,rsc37_rsc176_827.txt,binary_hisam_inverted
2667,66,40.40909090909091,459,4.647058823529412,27,19,19,2056,rsc37_rsc176_835.txt,binary_hisam_inverted
3458,156,22.166666666666668,587,4.625212947189097,51,87,87,2615,rsc37_rsc176_566.txt,binary_hisam_inverted_cut
3066,162,18.925925925925927,497,4.887323943661972,16,93,87,2386,rsc37_rsc176_525.txt,binary_hisam_inverted_cut
7189,187,38.44385026737968,1252,4.5814696485623,125,68,56,5477,rsc37_rsc176_1043.txt,binary_hisam_inverted_cut
3111,157,19.81528662420382,498,4.961847389558233,21,98,99,2424,rsc37_rsc176_399.txt,binary_hisam_inverted_cut
3123,137,22.795620437956206,578,4.093425605536332,35,84,85,2120,rsc37_rsc176_638.txt,binary_hisam_inverted_cut
4215,165,25.545454545454547,745,4.434899328859061,47,89,84,3195,rsc37_rsc176_714.txt,binary_hisam_inverted_cut
4437,184,24.11413043478261,708,5.007062146892656,23,113,112,3469,rsc37_rsc176_595.txt,binary_hisam_inverted_cut
9892,245,40.375510204081635,1645,4.850455927051672,106,85,79,7771,rsc37_rsc176_484.txt,binary_hisam_inverted_cut
3535,144,24.54861111111111,583,4.797598627787307,50,76,75,2706,rsc37_rsc176_837.txt,binary_hisam_inverted_cut
2737,137,19.978102189781023,437,4.947368421052632,12,90,88,2120,rsc37_rsc176_551.txt,binary_hisam_inverted_cut
2920,90,32.44444444444444,488,4.741803278688525,52,30,23,2248,rsc37_rsc176_816.txt,binary_hisam_inverted_cut
4558,135,33.762962962962966,785,4.61656050955414,47,52,47,3547,rsc37_rsc176_291.txt,binary_hisam_inverted_cut
2892,79,36.607594936708864,480,4.895833333333333,33,30,28,2292,rsc37_rsc176_278.txt,binary_hisam_inverted_cut
3439,175,19.65142857142857,618,4.233009708737864,46,106,104,2390,rsc37_rsc176_690.txt,binary_hisam_inverted_cut
3275,143,22.902097902097903,580,4.4,45,82,81,2466,rsc37_rsc176_867.txt,binary_hisam_inverted_cut
6302,253,24.90909090909091,1087,4.59245630174793,104,126,102,4826,rsc37_rsc176_601.txt,binary_hisam_inverted_cut
3022,122,24.770491803278688,540,4.316666666666666,26,52,52,2233,rsc37_rsc176_390.txt,binary_hisam_inverted_cut
3906,109,35.8348623853211,662,4.741691842900302,46,43,42,3089,rsc37_rsc176_603.txt,binary_hisam_inverted_cut
3766,189,19.925925925925927,629,4.6931637519872815,61,116,108,2835,rsc37_rsc176_840.txt,binary_hisam_inverted_cut
3198,74,43.21621621621622,776,2.8337628865979383,33,22,22,2066,rsc37_rsc176_283.txt,binary_hisam_inverted_cut
3380,128,26.40625,579,4.625215889464594,45,64,63,2583,rsc37_rsc176_711.txt,binary_hisam_inverted_cut
2923,81,36.08641975308642,477,4.876310272536688,37,31,29,2278,rsc37_rsc176_383.txt,binary_hisam_inverted_cut
3206,128,25.046875,537,4.731843575418995,39,71,69,2450,rsc37_rsc176_809.txt,binary_hisam_inverted_cut
3677,196,18.760204081632654,628,4.512738853503185,47,116,112,2758,rsc37_rsc176_589.txt,binary_hisam_inverted_cut
2515,114,22.06140350877193,428,4.586448598130841,32,73,72,1890,rsc37_rsc176_664.txt,binary_hisam_inverted_cut
4305,103,41.79611650485437,721,4.836338418862691,35,30,30,3435,rsc37_rsc176_367.txt,binary_hisam_inverted_cut
3376,200,16.88,589,4.410865874363328,32,126,117,2518,rsc37_rsc176_625.txt,binary_hisam_inverted_cut
3609,135,26.733333333333334,601,4.775374376039934,37,78,78,2792,rsc37_rsc176_628.txt,binary_hisam_inverted_cut
3903,170,22.958823529411763,653,4.732006125574273,49,95,90,2994,rsc37_rsc176_557.txt,binary_hisam_inverted_cut
5152,241,21.37759336099585,854,4.731850117096019,59,147,143,3895,rsc37_rsc176_717.txt,binary_hisam_inverted_cut
3603,169,21.319526627218934,585,4.900854700854701,35,97,94,2803,rsc37_rsc176_361.txt,binary_hisam_inverted_cut
2832,136,20.823529411764707,531,4.064030131826742,39,85,77,2055,rsc37_rsc176_583.txt,binary_hisam_inverted_cut
3228,140,23.057142857142857,528,4.863636363636363,20,75,74,2529,rsc37_rsc176_480.txt,binary_hisam_inverted_cut
9561,238,40.17226890756302,1653,4.590441621294616,122,80,77,7389,rsc37_rsc176_873.txt,binary_hisam_inverted_cut
4131,174,23.74137931034483,703,4.644381223328592,49,97,93,3170,rsc37_rsc176_477.txt,binary_hisam_inverted_cut
2824,140,20.17142857142857,512,4.275390625,42,88,88,2099,rsc37_rsc176_516.txt,binary_hisam_inverted_cut
3106,124,25.048387096774192,529,4.6351606805293,29,74,67,2362,rsc37_rsc176_686.txt,binary_hisam_inverted_cut
3346,168,19.916666666666668,581,4.430292598967298,35,101,97,2504,rsc37_rsc176_598.txt,binary_hisam_inverted_cut
3125,81,38.58024691358025,530,4.711320754716981,58,30,30,2422,rsc37_rsc176_560.txt,binary_hisam_inverted_cut
3985,182,21.895604395604394,646,4.925696594427245,13,108,107,3110,rsc37_rsc176_648.txt,binary_hisam_inverted_cut
3193,177,18.03954802259887,578,4.230103806228374,23,116,114,2284,rsc37_rsc176_708.txt,binary_hisam_inverted_cut
3200,173,18.497109826589597,528,4.768939393939394,16,104,103,2478,rsc37_rsc176_501.txt,binary_hisam_inverted_cut
6130,268,22.87313432835821,1072,4.481343283582089,61,165,160,4653,rsc37_rsc176_364.txt,binary_hisam_inverted_cut
2414,115,20.991304347826087,397,4.785894206549118,17,79,78,1858,rsc37_rsc176_336.txt,binary_hisam_inverted_cut
3513,143,24.566433566433567,605,4.540495867768595,44,81,77,2647,rsc37_rsc176_702.txt,binary_hisam_inverted_cut
3264,140,23.314285714285713,522,4.973180076628353,41,84,84,2518,rsc37_rsc176_830.txt,binary_hisam_inverted_cut
3259,149,21.87248322147651,585,4.333333333333333,61,78,78,2401,rsc37_rsc176_734.txt,binary_hisam_inverted_cut
2844,142,20.028169014084508,483,4.587991718426501,53,88,84,2130,rsc37_rsc176_635.txt,binary_hisam_inverted_cut
2452,94,26.085106382978722,398,4.907035175879397,33,54,54,1893,rsc37_rsc176_490.txt,binary_hisam_inverted_cut
2977,142,20.964788732394368,541,4.232902033271719,38,90,83,2212,rsc37_rsc176_725.txt,binary_hisam_inverted_cut
3439,145,23.717241379310344,589,4.5857385398981325,39,81,78,2620,rsc37_rsc176_728.txt,binary_hisam_inverted_cut
4517,206,21.92718446601942,752,4.7061170212765955,87,112,106,3388,rsc37_rsc176_606.txt,binary_hisam_inverted_cut
4059,166,24.451807228915662,712,4.466292134831461,49,99,96,3082,rsc37_rsc176_693.txt,binary_hisam_inverted_cut
3275,130,25.192307692307693,537,4.8919925512104285,42,67,67,2546,rsc37_rsc176_843.txt,binary_hisam_inverted_cut
3654,348,10.5,620,4.309677419354839,55,279,278,2583,rsc37_rsc176_722.txt,binary_hisam_inverted_cut
4932,126,39.142857142857146,852,4.645539906103286,21,43,41,3913,rsc37_rsc176_293.txt,binary_hisam_inverted_cut
4448,216,20.59259259259259,758,4.58311345646438,39,134,130,3387,rsc37_rsc176_631.txt,binary_hisam_inverted_cut
3537,131,27.0,589,4.7147707979626485,72,49,47,2680,rsc37_rsc176_871.txt,binary_hisam_inverted_cut
3329,144,23.118055555555557,548,4.757299270072993,43,84,81,2517,rsc37_rsc176_806.txt,binary_hisam_inverted_cut
3559,114,31.219298245614034,590,4.852542372881356,20,54,55,2823,rsc37_rsc176_876.txt,binary_hisam_inverted_cut
3057,99,30.87878787878788,515,4.730097087378641,25,38,37,2410,rsc37_rsc176_548.txt,binary_hisam_inverted_cut
3386,157,21.56687898089172,566,4.692579505300353,39,91,90,2587,rsc37_rsc176_699.txt,binary_hisam_inverted_cut
4404,224,19.660714285714285,757,4.554821664464994,35,138,132,3373,rsc37_rsc176_402.txt,binary_hisam_inverted_cut
3191,170,18.770588235294117,511,4.990215264187867,22,98,96,2499,rsc37_rsc176_827.txt,binary_hisam_inverted_cut
2658,106,25.07547169811321,447,4.697986577181208,27,63,62,2022,rsc37_rsc176_835.txt,binary_hisam_inverted_cut
3113,142,21.922535211267604,564,4.058510638297872,82,84,66,2150,rsc37_rsc176_566.txt,binary_simple
2708,84,32.23809523809524,451,4.662971175166297,53,35,31,2027,rsc37_rsc176_525.txt,binary_simple
2539,132,19.234848484848484,553,3.3508137432188065,36,49,42,1764,rsc37_rsc176_1043.txt,binary_simple
3201,128,25.0078125,529,4.714555765595463,43,66,57,2419,rsc37_rsc176_399.txt,binary_simple
3847,213,18.061032863849764,777,3.2162162162162162,103,109,100,2243,rsc37_rsc176_638.txt,binary_simple
4123,154,26.772727272727273,746,4.03485254691689,68,74,71,2874,rsc37_rsc176_714.txt,binary_simple
5118,173,29.583815028901736,844,4.687203791469194,66,85,78,3802,rsc37_rsc176_595.txt,binary_simple
10375,299,34.69899665551839,1811,4.340695748205412,239,108,102,7455,rsc37_rsc176_484.txt,binary_simple
3518,98,35.89795918367347,576,4.777777777777778,90,40,37,2613,rsc37_rsc176_837.txt,binary_simple
3262,152,21.460526315789473,538,4.485130111524164,46,92,84,2329,rsc37_rsc176_551.txt,binary_simple
2809,97,28.95876288659794,455,4.518681318681319,56,52,52,1957,rsc37_rsc176_816.txt,binary_simple
4544,102,44.549019607843135,769,4.739921976592978,95,19,18,3521,rsc37_rsc176_291.txt,binary_simple
2975,95,31.31578947368421,478,4.895397489539749,66,49,49,2260,rsc37_rsc176_278.txt,binary_simple
3508,195,17.98974358974359,692,3.554913294797688,74,132,110,2226,rsc37_rsc176_690.txt,binary_simple
3503,98,35.744897959183675,624,4.110576923076923,69,48,47,2445,rsc37_rsc176_867.txt,binary_simple
7178,199,36.07035175879397,1388,3.744956772334294,160,60,60,4910,rsc37_rsc176_601.txt,binary_simple
2896,121,23.93388429752066,478,4.305439330543933,58,76,74,1971,rsc37_rsc176_390.txt,binary_simple
3994,137,29.153284671532848,665,4.646616541353383,60,67,66,3025,rsc37_rsc176_603.txt,binary_simple
3521,115,30.617391304347827,603,4.318407960199005,101,54,49,2449,rsc37_rsc176_840.txt,binary_simple
3320,62,53.54838709677419,554,4.815884476534296,65,12,9,2590,rsc37_rsc176_283.txt,binary_simple
3468,102,34.0,596,4.4144295302013425,69,50,48,2526,rsc37_rsc176_711.txt,binary_simple
2980,88,33.86363636363637,486,4.765432098765432,64,42,32,2242,rsc37_rsc176_383.txt,binary_simple
3536,82,43.1219512195122,601,4.5191347753743765,80,27,27,2565,rsc37_rsc176_809.txt,binary_simple
3591,146,24.595890410958905,634,4.17981072555205,100,83,74,2490,rsc37_rsc176_589.txt,binary_simple
2638,94,28.06382978723404,445,4.440449438202247,80,49,41,1852,rsc37_rsc176_664.txt,binary_simple
5119,187,27.37433155080214,923,4.033586132177682,83,76,66,3620,rsc37_rsc176_367.txt,binary_simple
3644,154,23.662337662337663,666,4.0225225225225225,75,80,69,2512,rsc37_rsc176_625.txt,binary_simple
3996,79,50.58227848101266,694,4.292507204610951,91,19,19,2837,rsc37_rsc176_628.txt,binary_simple
3501,104,33.66346153846154,628,4.089171974522293,89,43,39,2412,rsc37_rsc176_557.txt,binary_simple
5387,204,26.40686274509804,905,4.52817679558011,102,111,100,3925,rsc37_rsc176_717.txt,binary_simple
4243,104,40.79807692307692,701,4.726105563480742,93,38,37,3192,rsc37_rsc176_361.txt,binary_simple
2979,101,29.495049504950494,570,3.92280701754386,61,52,47,2111,rsc37_rsc176_583.txt,binary_simple
2989,113,26.451327433628318,499,4.340681362725451,71,52,53,2070,rsc37_rsc176_480.txt,binary_simple
10763,335,32.12835820895523,1924,4.100311850311851,244,167,158,7600,rsc37_rsc176_873.txt,binary_simple
4213,118,35.70338983050848,709,4.52327221438646,80,53,50,3065,rsc37_rsc176_477.txt,binary_simple
2671,69,38.710144927536234,506,3.9980237154150196,57,24,21,1919,rsc37_rsc176_516.txt,binary_simple
3686,182,20.252747252747252,649,4.2326656394453,81,110,93,2592,rsc37_rsc176_686.txt,binary_simple
3458,139,24.87769784172662,607,4.235584843492586,73,80,75,2454,rsc37_rsc176_598.txt,binary_simple
3160,83,38.0722891566265,539,4.573283858998145,85,31,25,2355,rsc37_rsc176_560.txt,binary_simple
4185,140,29.892857142857142,708,4.586158192090395,29,63,60,3161,rsc37_rsc176_648.txt,binary_simple
2536,118,21.491525423728813,496,3.622983870967742,62,68,57,1654,rsc37_rsc176_708.txt,binary_simple
3333,142,23.471830985915492,547,4.712979890310786,23,76,66,2515,rsc37_rsc176_501.txt,binary_simple
7188,283,25.39929328621908,1330,4.009022556390978,179,155,126,5027,rsc37_rsc176_364.txt,binary_simple
2949,96,30.71875,508,4.464566929133858,57,46,45,2171,rsc37_rsc176_336.txt,binary_simple
3593,155,23.18064516129032,647,4.162287480680062,68,92,81,2538,rsc37_rsc176_702.txt,binary_simple
3478,111,31.333333333333332,584,4.535958904109589,83,49,45,2495,rsc37_rsc176_830.txt,binary_simple
3493,151,23.132450331125828,638,4.018808777429467,65,89,74,2411,rsc37_rsc176_734.txt,binary_simple
3194,101,31.623762376237625,552,4.51268115942029,66,44,41,2358,rsc37_rsc176_635.txt,binary_simple
2420,69,35.072463768115945,406,4.596059113300493,51,31,28,1753,rsc37_rsc176_490.txt,binary_simple
3306,119,27.781512605042018,638,3.7539184952978055,74,61,60,2241,rsc37_rsc176_725.txt,binary_simple
3696,117,31.58974358974359,647,4.278207109737249,61,56,54,2655,rsc37_rsc176_728.txt,binary_simple
2475,112,22.098214285714285,521,3.4261036468330133,46,46,36,1635,rsc37_rsc176_606.txt,binary_simple
3933,122,32.23770491803279,694,4.278097982708934,78,57,54,2831,rsc37_rsc176_693.txt,binary_simple
3571,107,33.373831775700936,593,4.600337268128162,76,47,42,2606,rsc37_rsc176_843.txt,binary_simple
3510,124,28.306451612903224,658,3.919452887537994,82,60,52,2437,rsc37_rsc176_722.txt,binary_simple
3945,133,29.661654135338345,835,3.453892215568862,38,39,35,2789,rsc37_rsc176_293.txt,binary_simple
4443,134,33.156716417910445,802,4.197007481296758,92,59,55,3203,rsc37_rsc176_631.txt,binary_simple
2597,53,49.0,435,4.537931034482758,73,5,5,1865,rsc37_rsc176_871.txt,binary_simple
3640,99,36.76767676767677,633,4.248025276461296,104,36,34,2515,rsc37_rsc176_806.txt,binary_simple
3801,105,36.2,645,4.631007751937984,103,42,38,2863,rsc37_rsc176_876.txt,binary_simple
4351,157,27.713375796178344,838,3.5727923627684963,66,38,45,2893,rsc37_rsc176_548.txt,binary_simple
3479,188,18.50531914893617,597,4.390284757118928,56,105,97,2525,rsc37_rsc176_699.txt,binary_simple
4097,141,29.05673758865248,731,4.280437756497948,67,71,64,3026,rsc37_rsc176_402.txt,binary_simple
3219,121,26.60330578512397,615,3.6796747967479675,53,50,48,2149,rsc37_rsc176_827.txt,binary_simple
3062,87,35.195402298850574,540,4.314814814814815,65,29,29,2214,rsc37_rsc176_835.txt,binary_simple
3057,181,16.88950276243094,522,4.296934865900383,85,125,117,2109,rsc37_rsc176_566.txt,binary_simple_cut
2251,120,18.758333333333333,367,4.708446866485014,34,71,69,1666,rsc37_rsc176_525.txt,binary_simple_cut
1531,110,13.918181818181818,302,3.642384105960265,17,57,53,1048,rsc37_rsc176_1043.txt,binary_simple_cut
3392,136,24.941176470588236,553,4.826401446654611,42,73,70,2589,rsc37_rsc176_399.txt,binary_simple_cut
4055,163,24.87730061349693,811,3.6066584463625153,116,81,73,2613,rsc37_rsc176_638.txt,binary_simple_cut
5624,200,28.12,978,4.350715746421268,111,110,105,4048,rsc37_rsc176_714.txt,binary_simple_cut
5381,241,22.327800829875518,875,4.736,76,135,129,4001,rsc37_rsc176_595.txt,binary_simple_cut
9787,326,30.021472392638035,1784,4.238789237668161,208,144,114,7175,rsc37_rsc176_484.txt,binary_simple_cut
3374,124,27.20967741935484,554,4.741877256317689,93,61,60,2495,rsc37_rsc176_837.txt,binary_simple_cut
2632,104,25.307692307692307,426,4.828638497652582,40,59,55,1972,rsc37_rsc176_551.txt,binary_simple_cut
2771,99,27.98989898989899,444,4.635135135135135,57,46,46,1953,rsc37_rsc176_816.txt,binary_simple_cut
4559,137,33.277372262773724,772,4.696891191709844,91,55,52,3504,rsc37_rsc176_291.txt,binary_simple_cut
2931,72,40.708333333333336,490,4.83265306122449,61,24,24,2288,rsc37_rsc176_278.txt,binary_simple_cut
3293,307,10.726384364820847,637,3.6640502354788067,72,209,176,2132,rsc37_rsc176_690.txt,binary_simple_cut
4240,169,25.088757396449704,775,3.8206451612903227,86,77,83,2788,rsc37_rsc176_867.txt,binary_simple_cut
6788,201,33.77114427860697,1291,3.934934159566228,144,67,63,4798,rsc37_rsc176_601.txt,binary_simple_cut
2951,125,23.608,472,4.612288135593221,62,68,67,2093,rsc37_rsc176_390.txt,binary_simple_cut
3921,130,30.161538461538463,654,4.67737003058104,57,64,64,2995,rsc37_rsc176_603.txt,binary_simple_cut
3582,174,20.586206896551722,581,4.497418244406196,101,108,106,2455,rsc37_rsc176_840.txt,binary_simple_cut
3466,80,43.325,585,4.714529914529915,69,26,25,2670,rsc37_rsc176_283.txt,binary_simple_cut
3618,105,34.457142857142856,643,4.346811819595645,76,42,37,2659,rsc37_rsc176_711.txt,binary_simple_cut
2993,68,44.01470588235294,495,4.703030303030303,65,17,18,2249,rsc37_rsc176_383.txt,binary_simple_cut
3666,112,32.732142857142854,637,4.419152276295134,84,44,44,2654,rsc37_rsc176_809.txt,binary_simple_cut
3464,165,20.993939393939392,610,4.242622950819672,93,96,93,2434,rsc37_rsc176_589.txt,binary_simple_cut
1246,61,20.42622950819672,200,4.68,40,35,34,871,rsc37_rsc176_664.txt,binary_simple_cut
4515,158,28.575949367088608,762,4.669291338582677,63,80,72,3475,rsc37_rsc176_367.txt,binary_simple_cut
3150,137,22.99270072992701,571,4.175131348511384,69,78,73,2240,rsc37_rsc176_625.txt,binary_simple_cut
4146,160,25.9125,726,4.210743801652892,95,89,84,2904,rsc37_rsc176_628.txt,binary_simple_cut
3651,195,18.723076923076924,635,4.240944881889764,81,121,113,2550,rsc37_rsc176_557.txt,binary_simple_cut
5005,211,23.72037914691943,846,4.530732860520095,87,119,116,3694,rsc37_rsc176_717.txt,binary_simple_cut
4636,192,24.145833333333332,792,4.517676767676767,99,114,109,3445,rsc37_rsc176_361.txt,binary_simple_cut
3008,120,25.066666666666666,576,3.9131944444444446,69,66,62,2129,rsc37_rsc176_583.txt,binary_simple_cut
2826,126,22.428571428571427,475,4.446315789473684,70,65,63,2016,rsc37_rsc176_480.txt,binary_simple_cut
9543,241,39.59751037344398,1689,4.372409709887507,211,95,91,7112,rsc37_rsc176_873.txt,binary_simple_cut
4229,162,26.104938271604937,692,4.680635838150289,79,87,86,3115,rsc37_rsc176_477.txt,binary_simple_cut
2685,160,16.78125,506,3.9031620553359683,59,110,98,1882,rsc37_rsc176_516.txt,binary_simple_cut
2859,123,23.24390243902439,505,4.293069306930693,53,65,65,2038,rsc37_rsc176_686.txt,binary_simple_cut
3262,132,24.71212121212121,569,4.3954305799648505,67,71,70,2392,rsc37_rsc176_598.txt,binary_simple_cut
4364,87,50.160919540229884,724,4.814917127071824,115,18,18,3348,rsc37_rsc176_560.txt,binary_simple_cut
4630,154,30.064935064935064,788,4.615482233502538,38,65,65,3538,rsc37_rsc176_648.txt,binary_simple_cut
2501,157,15.929936305732484,475,3.783157894736842,45,93,86,1650,rsc37_rsc176_708.txt,binary_simple_cut
3335,143,23.321678321678323,575,4.493913043478261,29,75,70,2512,rsc37_rsc176_501.txt,binary_simple_cut
6065,249,24.3574297188755,1100,4.153636363636363,154,143,131,4317,rsc37_rsc176_364.txt,binary_simple_cut
2700,118,22.88135593220339,458,4.526200873362446,52,70,60,1999,rsc37_rsc176_336.txt,binary_simple_cut
3731,197,18.939086294416242,664,4.201807228915663,74,119,104,2591,rsc37_rsc176_702.txt,binary_simple_cut
3204,128,25.03125,551,4.451905626134301,78,69,61,2297,rsc37_rsc176_830.txt,binary_simple_cut
4467,182,24.543956043956044,815,4.122699386503068,92,94,82,3154,rsc37_rsc176_734.txt,binary_simple_cut
3056,108,28.296296296296298,527,4.546489563567363,70,47,46,2282,rsc37_rsc176_635.txt,binary_simple_cut
2788,150,18.586666666666666,472,4.389830508474576,59,100,96,1951,rsc37_rsc176_490.txt,binary_simple_cut
2874,99,29.03030303030303,539,3.968460111317254,67,49,46,2028,rsc37_rsc176_725.txt,binary_simple_cut
3587,168,21.351190476190474,629,4.327503974562798,62,101,99,2608,rsc37_rsc176_728.txt,binary_simple_cut
1727,112,15.419642857142858,339,3.4837758112094397,47,71,70,1079,rsc37_rsc176_606.txt,binary_simple_cut
3147,125,25.176,557,4.308797127468582,55,68,67,2288,rsc37_rsc176_693.txt,binary_simple_cut
3473,149,23.308724832214764,556,4.811151079136691,69,86,84,2560,rsc37_rsc176_843.txt,binary_simple_cut
3441,150,22.94,638,3.987460815047022,75,80,71,2427,rsc37_rsc176_722.txt,binary_simple_cut
4997,143,34.94405594405595,858,4.6223776223776225,54,56,53,3869,rsc37_rsc176_293.txt,binary_simple_cut
4391,178,24.668539325842698,785,4.215286624203822,88,105,104,3158,rsc37_rsc176_631.txt,binary_simple_cut
2701,150,18.006666666666668,457,4.203501094091903,63,94,84,1815,rsc37_rsc176_871.txt,binary_simple_cut
3367,144,23.381944444444443,537,4.798882681564246,98,83,83,2394,rsc37_rsc176_806.txt,binary_simple_cut
3355,127,26.41732283464567,598,4.24247491638796,89,63,65,2418,rsc37_rsc176_876.txt,binary_simple_cut
3477,168,20.696428571428573,621,4.280193236714976,52,86,51,2589,rsc37_rsc176_548.txt,binary_simple_cut
3366,154,21.857142857142858,577,4.46793760831889,64,89,85,2485,rsc37_rsc176_699.txt,binary_simple_cut
3513,131,26.81679389312977,623,4.332263242375602,60,76,74,2578,rsc37_rsc176_402.txt,binary_simple_cut
3214,175,18.365714285714287,615,3.604878048780488,66,87,80,2106,rsc37_rsc176_827.txt,binary_simple_cut
3015,123,24.51219512195122,519,4.475915221579961,60,71,67,2209,rsc37_rsc176_835.txt,binary_simple_cut
